{
    "Dnbulxo": 157949.63392237743,
    "Dbgeap": 166127.8891536932,
    "Jplokq": 7184.404917414401,
    "Ovmlqf": 214025,
    "Hnpfoh": 16527.302356511747
}